experiment,dataset,variant,seed,frac,ti,gating,total,dn,vis,units_flipped,unmatched,mass_ratio,vis_group_mass_ratio
E0b,flywire,FlyWire 标准(GLUT+),,,3,on,447219,3810,2860,,,,
E0b,flywire,FlyWire 标准(GLUT+),,,3,off,447219,3810,2860,,,,
E0b,flywire,FlyWire 标准(GLUT+),,,4,on,1265998,25730,405788,,,,
E0b,flywire,FlyWire 标准(GLUT+),,,4,off,1265998,25730,405788,,,,
E0b,flywire,FlyWire GLUT−,,,3,on,222036,30,0,,,,
E0b,flywire,FlyWire GLUT−,,,3,off,222036,30,0,,,,
E0b,flywire,FlyWire GLUT−,,,4,on,291831,113,0,,,,
E0b,flywire,FlyWire GLUT−,,,4,off,291831,113,0,,,,
E0b,malecns,MaleCNS 标准(GLUT−),,,3,on,235638,11,0,,,,
E0b,malecns,MaleCNS 标准(GLUT−),,,3,off,235638,11,0,,,,
E0b,malecns,MaleCNS 标准(GLUT−),,,4,on,331336,75,2,,,,
E0b,malecns,MaleCNS 标准(GLUT−),,,4,off,331336,75,2,,,,
E0b,malecns,MaleCNS GLUT+,,,3,on,492145,1025,41,,,,
E0b,malecns,MaleCNS GLUT+,,,3,off,492145,1025,41,,,,
E0b,malecns,MaleCNS GLUT+,,,4,on,1797262,19004,553863,,,,
E0b,malecns,MaleCNS GLUT+,,,4,off,1797262,19004,553863,,,,
E1,flywire,C-match,1,,3,on,232963,36,1,34358,9773,0.8888,0.9999
E1,flywire,C-match,1,,4,on,312822,118,32,34358,9773,0.8888,0.9999
E1,flywire,C-match,2,,3,on,234235,30,7,34765,9768,0.8886,1.0000
E1,flywire,C-match,2,,4,on,335690,237,188,34765,9768,0.8886,1.0000
E1,flywire,C-match,3,,3,on,229980,44,20,34498,9735,0.8887,1.0000
E1,flywire,C-match,3,,4,on,314111,154,129,34498,9735,0.8887,1.0000
E1,flywire,C-match,4,,3,on,230416,33,7,34750,9750,0.8881,0.9998
E1,flywire,C-match,4,,4,on,314175,186,136,34750,9750,0.8881,0.9998
E1,flywire,C-match,5,,3,on,232919,32,7,34745,9769,0.8887,0.9995
E1,flywire,C-match,5,,4,on,318626,97,61,34745,9769,0.8887,0.9995
E1,flywire,C-match,6,,3,on,232365,34,6,34299,9801,0.8893,1.0000
E1,flywire,C-match,6,,4,on,308592,99,37,34299,9801,0.8893,1.0000
E1,flywire,C-match,7,,3,on,234339,34,19,34635,9740,0.8891,1.0000
E1,flywire,C-match,7,,4,on,316864,194,188,34635,9740,0.8891,1.0000
E1,flywire,C-match,8,,3,on,226938,32,6,34753,9822,0.8886,0.9991
E1,flywire,C-match,8,,4,on,302658,166,117,34753,9822,0.8886,0.9991
E1,flywire,C-match,9,,3,on,231653,29,17,34463,9761,0.8891,1.0000
E1,flywire,C-match,9,,4,on,324445,221,126,34463,9761,0.8891,1.0000
E1,flywire,C-match,10,,3,on,232575,36,16,34711,9789,0.8892,1.0000
E1,flywire,C-match,10,,4,on,318353,231,133,34711,9789,0.8892,1.0000
E1,flywire,C-rand,1,,3,on,111004,0,0,40932,5518,1.0000,1.4001
E1,flywire,C-rand,1,,4,on,156388,10,0,40932,5518,1.0000,1.4001
E1,flywire,C-rand,2,,3,on,111780,0,0,41064,5504,0.9999,1.3925
E1,flywire,C-rand,2,,4,on,163967,21,28,41064,5504,0.9999,1.3925
E1,flywire,C-rand,3,,3,on,109703,1,0,40682,5516,1.0000,1.4028
E1,flywire,C-rand,3,,4,on,166867,20,3,40682,5516,1.0000,1.4028
E1,flywire,C-rand,4,,3,on,122784,10,0,40879,5456,1.0000,1.3968
E1,flywire,C-rand,4,,4,on,169459,14,21,40879,5456,1.0000,1.3968
E1,flywire,C-rand,5,,3,on,107530,10,0,40784,5526,0.9999,1.4001
E1,flywire,C-rand,5,,4,on,164012,30,0,40784,5526,0.9999,1.4001
E1,flywire,C-rand,6,,3,on,106695,0,0,40911,5509,0.9995,1.3917
E1,flywire,C-rand,6,,4,on,162808,20,13,40911,5509,0.9995,1.3917
E1,flywire,C-rand,7,,3,on,110298,1,0,41013,5534,1.0000,1.4008
E1,flywire,C-rand,7,,4,on,181362,11,1,41013,5534,1.0000,1.4008
E1,flywire,C-rand,8,,3,on,101381,0,0,40833,5525,0.9999,1.4022
E1,flywire,C-rand,8,,4,on,156870,11,0,40833,5525,0.9999,1.4022
E1,flywire,C-rand,9,,3,on,104462,0,0,40788,5476,1.0000,1.4004
E1,flywire,C-rand,9,,4,on,154565,17,0,40788,5476,1.0000,1.4004
E1,flywire,C-rand,10,,3,on,107061,0,0,41164,5499,0.9999,1.3943
E1,flywire,C-rand,10,,4,on,151374,16,0,41164,5499,0.9999,1.3943
E1,malecns,C-match,1,,3,on,348373,47,0,17431,11234,0.9115,0.9170
E1,malecns,C-match,1,,4,on,507543,273,84,17431,11234,0.9115,0.9170
E1,malecns,C-match,2,,3,on,322550,49,0,17595,11230,0.9043,0.8973
E1,malecns,C-match,2,,4,on,490034,278,92,17595,11230,0.9043,0.8973
E1,malecns,C-match,3,,3,on,335273,43,0,17661,11230,0.9124,0.9170
E1,malecns,C-match,3,,4,on,501179,341,125,17661,11230,0.9124,0.9170
E1,malecns,C-match,4,,3,on,322116,42,0,17670,11229,0.9121,0.9170
E1,malecns,C-match,4,,4,on,499609,298,101,17670,11229,0.9121,0.9170
E1,malecns,C-match,5,,3,on,355456,55,0,17587,11231,0.9016,0.8899
E1,malecns,C-match,5,,4,on,520038,282,126,17587,11231,0.9016,0.8899
E1,malecns,C-match,6,,3,on,308615,42,0,17552,11231,0.9053,0.8973
E1,malecns,C-match,6,,4,on,473524,232,109,17552,11231,0.9053,0.8973
E1,malecns,C-match,7,,3,on,346136,48,0,17524,11228,0.9121,0.9170
E1,malecns,C-match,7,,4,on,515486,252,85,17524,11228,0.9121,0.9170
E1,malecns,C-match,8,,3,on,331345,46,0,17543,11230,0.9043,0.8973
E1,malecns,C-match,8,,4,on,490440,249,118,17543,11230,0.9043,0.8973
E1,malecns,C-match,9,,3,on,354705,54,0,17521,11229,0.9125,0.9170
E1,malecns,C-match,9,,4,on,520976,263,106,17521,11229,0.9125,0.9170
E1,malecns,C-match,10,,3,on,340527,38,0,17512,11231,0.9052,0.8973
E1,malecns,C-match,10,,4,on,562256,2199,194,17512,11231,0.9052,0.8973
E1,malecns,C-rand,1,,3,on,460552,249,4,24673,1732,0.9999,0.6929
E1,malecns,C-rand,1,,4,on,1771146,31802,165087,24673,1732,0.9999,0.6929
E1,malecns,C-rand,2,,3,on,383341,145,0,24739,1727,1.0000,0.6963
E1,malecns,C-rand,2,,4,on,1660409,29988,153541,24739,1727,1.0000,0.6963
E1,malecns,C-rand,3,,3,on,384359,125,0,24929,1738,0.9998,0.6930
E1,malecns,C-rand,3,,4,on,1794290,33903,176649,24929,1738,0.9998,0.6930
E1,malecns,C-rand,4,,3,on,412563,172,0,24522,1718,1.0000,0.6977
E1,malecns,C-rand,4,,4,on,1767940,32623,157414,24522,1718,1.0000,0.6977
E1,malecns,C-rand,5,,3,on,466411,235,3,24753,1737,1.0000,0.6981
E1,malecns,C-rand,5,,4,on,1788125,31549,145757,24753,1737,1.0000,0.6981
E1,malecns,C-rand,6,,3,on,379241,139,0,24812,1732,0.9999,0.6942
E1,malecns,C-rand,6,,4,on,1712397,31019,163070,24812,1732,0.9999,0.6942
E1,malecns,C-rand,7,,3,on,388702,160,0,24788,1735,0.9999,0.6887
E1,malecns,C-rand,7,,4,on,1733125,32048,169735,24788,1735,0.9999,0.6887
E1,malecns,C-rand,8,,3,on,400042,149,0,24756,1724,1.0000,0.6934
E1,malecns,C-rand,8,,4,on,1849675,34081,169202,24756,1724,1.0000,0.6934
E1,malecns,C-rand,9,,3,on,368471,145,0,24556,1725,0.9998,0.7002
E1,malecns,C-rand,9,,4,on,1696215,30978,165315,24556,1725,0.9998,0.7002
E1,malecns,C-rand,10,,3,on,361806,117,0,24803,1741,0.9999,0.6964
E1,malecns,C-rand,10,,4,on,1421251,24046,120671,24803,1741,0.9999,0.6964
E1b,flywire,glut-equal-profile,1,0.1,4,on,941463,14869,218851,5025,,0.0950,
E1b,flywire,control-equal-profile,1,0.1,4,on,1051167,19803,290003,4713,138,0.0954,
E1b,flywire,glut-equal-profile,2,0.1,4,on,945899,15823,215073,5032,,0.0941,
E1b,flywire,control-equal-profile,2,0.1,4,on,1029327,20053,265708,4769,138,0.0956,
E1b,flywire,glut-equal-profile,3,0.1,4,on,921436,14674,207587,5026,,0.0977,
E1b,flywire,control-equal-profile,3,0.1,4,on,982745,19827,234574,4678,171,0.0982,
E1b,flywire,glut-equal-profile,4,0.1,4,on,930510,15525,206644,4991,,0.0958,
E1b,flywire,control-equal-profile,4,0.1,4,on,1076242,20340,304684,4853,150,0.0963,
E1b,flywire,glut-equal-profile,5,0.1,4,on,967966,15839,239298,4987,,0.0887,
E1b,flywire,control-equal-profile,5,0.1,4,on,1003352,18839,245896,4765,166,0.0895,
E1b,flywire,glut-equal-profile,6,0.1,4,on,967737,16962,237349,4921,,0.1010,
E1b,flywire,control-equal-profile,6,0.1,4,on,1053986,19946,290888,4692,165,0.1018,
E1b,flywire,glut-equal-profile,7,0.1,4,on,986742,17125,242030,4961,,0.0916,
E1b,flywire,control-equal-profile,7,0.1,4,on,1131852,21735,347138,4752,126,0.0925,
E1b,flywire,glut-equal-profile,8,0.1,4,on,930585,14832,220807,5001,,0.0937,
E1b,flywire,control-equal-profile,8,0.1,4,on,986539,20124,237275,4763,166,0.0943,
E1b,flywire,glut-equal-profile,9,0.1,4,on,1000098,17999,258623,5010,,0.0905,
E1b,flywire,control-equal-profile,9,0.1,4,on,1032946,19904,263024,4774,158,0.0913,
E1b,flywire,glut-equal-profile,10,0.1,4,on,970663,16082,243152,4926,,0.0855,
E1b,flywire,control-equal-profile,10,0.1,4,on,1106669,21039,320157,4790,147,0.0864,
E1b,flywire,glut-equal-profile,1,0.25,4,on,536702,4162,3463,12436,,0.2374,
E1b,flywire,control-equal-profile,1,0.25,4,on,598838,7848,12389,11313,877,0.2390,
E1b,flywire,glut-equal-profile,2,0.25,4,on,538024,4286,5969,12377,,0.2362,
E1b,flywire,control-equal-profile,2,0.25,4,on,594605,7709,12074,11263,823,0.2365,
E1b,flywire,glut-equal-profile,3,0.25,4,on,533605,3789,3860,12429,,0.2314,
E1b,flywire,control-equal-profile,3,0.25,4,on,592217,7286,9995,11246,860,0.2336,
E1b,flywire,glut-equal-profile,4,0.25,4,on,548555,5279,3743,12477,,0.2348,
E1b,flywire,control-equal-profile,4,0.25,4,on,596918,7755,11302,11300,854,0.2352,
E1b,flywire,glut-equal-profile,5,0.25,4,on,552519,4474,5274,12432,,0.2285,
E1b,flywire,control-equal-profile,5,0.25,4,on,689970,9449,75033,11388,836,0.2294,
E1b,flywire,glut-equal-profile,6,0.25,4,on,548628,4129,7376,12480,,0.2288,
E1b,flywire,control-equal-profile,6,0.25,4,on,601099,7992,10186,11226,883,0.2296,
E1b,flywire,glut-equal-profile,7,0.25,4,on,547577,4304,3949,12389,,0.2369,
E1b,flywire,control-equal-profile,7,0.25,4,on,599090,7934,11388,11513,870,0.2381,
E1b,flywire,glut-equal-profile,8,0.25,4,on,567005,5119,5682,12439,,0.2276,
E1b,flywire,control-equal-profile,8,0.25,4,on,863569,14191,191896,11322,850,0.2280,
E1b,flywire,glut-equal-profile,9,0.25,4,on,541121,4591,4779,12451,,0.2370,
E1b,flywire,control-equal-profile,9,0.25,4,on,807218,12624,156135,11177,893,0.2384,
E1b,flywire,glut-equal-profile,10,0.25,4,on,553898,4925,4536,12334,,0.2369,
E1b,flywire,control-equal-profile,10,0.25,4,on,593045,7560,7473,11313,832,0.2378,
E1b,malecns,glut-equal-profile,1,0.9,4,on,1000072,7943,159249,25486,,0.8448,
E1b,malecns,control-equal-profile,1,0.9,4,on,503569,230,97,16899,8502,0.8474,
E1b,malecns,glut-equal-profile,2,0.9,4,on,758269,5081,8379,25564,,0.8409,
E1b,malecns,control-equal-profile,2,0.9,4,on,485708,233,107,16931,8524,0.8427,
E1b,malecns,glut-equal-profile,3,0.9,4,on,737213,4390,6243,25309,,0.8449,
E1b,malecns,control-equal-profile,3,0.9,4,on,468084,229,66,17000,8499,0.8462,
E1b,malecns,glut-equal-profile,4,0.9,4,on,983276,7163,162380,25553,,0.8377,
E1b,malecns,control-equal-profile,4,0.9,4,on,483221,228,84,16900,8526,0.8385,
E1b,malecns,glut-equal-profile,5,0.9,4,on,754547,5019,6734,26146,,0.8537,
E1b,malecns,control-equal-profile,5,0.9,4,on,475857,224,96,17032,8521,0.8569,
E1b,malecns,glut-equal-profile,6,0.9,4,on,1007769,7532,169724,25814,,0.8486,
E1b,malecns,control-equal-profile,6,0.9,4,on,477204,247,93,17030,8507,0.8494,
E1b,malecns,glut-equal-profile,7,0.9,4,on,735448,4324,5519,25495,,0.8410,
E1b,malecns,control-equal-profile,7,0.9,4,on,489717,241,82,16911,8529,0.8436,
E1b,malecns,glut-equal-profile,8,0.9,4,on,719621,4118,4924,25722,,0.8515,
E1b,malecns,control-equal-profile,8,0.9,4,on,522845,898,90,16939,8513,0.8519,
E1b,malecns,glut-equal-profile,9,0.9,4,on,891866,8434,55826,25640,,0.8491,
E1b,malecns,control-equal-profile,9,0.9,4,on,479603,203,68,16960,8501,0.8503,
E1b,malecns,glut-equal-profile,10,0.9,4,on,735315,4455,4220,25387,,0.8418,
E1b,malecns,control-equal-profile,10,0.9,4,on,456016,204,76,16987,8522,0.8432,
E1b,malecns,glut-equal-profile,1,1,4,on,1328963,15057,278321,26932,,0.9037,
E1b,malecns,control-equal-profile,1,1,4,on,498762,285,94,17527,11235,0.9042,
E1b,malecns,glut-equal-profile,2,1,4,on,1324472,15116,276803,26954,,0.9034,
E1b,malecns,control-equal-profile,2,1,4,on,514817,364,99,17549,11228,0.9054,
E1b,malecns,glut-equal-profile,3,1,4,on,1331625,14936,298195,26754,,0.8931,
E1b,malecns,control-equal-profile,3,1,4,on,509300,386,99,17452,11234,0.8965,
E1b,malecns,glut-equal-profile,4,1,4,on,1316245,15471,263176,26782,,0.9016,
E1b,malecns,control-equal-profile,4,1,4,on,559299,1344,190,17451,11234,0.9023,
E1b,malecns,glut-equal-profile,5,1,4,on,1308188,14763,279786,27348,,0.9095,
E1b,malecns,control-equal-profile,5,1,4,on,508158,286,83,17520,11229,0.9120,
E1b,malecns,glut-equal-profile,6,1,4,on,1335079,15008,291441,27181,,0.9108,
E1b,malecns,control-equal-profile,6,1,4,on,512123,314,138,17547,11230,0.9124,
E1b,malecns,glut-equal-profile,7,1,4,on,1318093,14429,276247,26142,,0.8878,
E1b,malecns,control-equal-profile,7,1,4,on,498959,241,110,17452,11239,0.8893,
E1b,malecns,glut-equal-profile,8,1,4,on,1301134,14532,269274,26392,,0.8928,
E1b,malecns,control-equal-profile,8,1,4,on,497549,243,105,17464,11234,0.8937,
E1b,malecns,glut-equal-profile,9,1,4,on,1336112,15178,293590,26669,,0.8987,
E1b,malecns,control-equal-profile,9,1,4,on,501366,395,110,17489,11231,0.9019,
E1b,malecns,glut-equal-profile,10,1,4,on,1338570,14907,291984,27356,,0.9108,
E1b,malecns,control-equal-profile,10,1,4,on,503880,270,127,17558,11231,0.9118,
E2,flywire,glut-fraction,1,0.1,4,on,887258,15741,189413,5119,,0.1050,
E2,flywire,glut-fraction,2,0.1,4,on,999394,18185,264024,5119,,0.1044,
E2,flywire,glut-fraction,3,0.1,4,on,847034,12794,171928,5119,,0.1059,
E2,flywire,glut-fraction,4,0.1,4,on,828325,14107,140623,5119,,0.1029,
E2,flywire,glut-fraction,5,0.1,4,on,814614,12428,140029,5119,,0.1008,
E2,flywire,glut-fraction,1,0.25,4,on,509536,3774,3728,12796,,0.2498,
E2,flywire,glut-fraction,2,0.25,4,on,538757,5591,6339,12796,,0.2405,
E2,flywire,glut-fraction,3,0.25,4,on,510281,3871,5952,12796,,0.2545,
E2,flywire,glut-fraction,4,0.25,4,on,508368,3974,5472,12796,,0.2559,
E2,flywire,glut-fraction,5,0.25,4,on,490788,3839,4581,12796,,0.2468,
E2,flywire,glut-fraction,1,0.5,4,on,334807,273,101,25593,,0.4991,
E2,flywire,glut-fraction,2,0.5,4,on,341124,370,145,25593,,0.4989,
E2,flywire,glut-fraction,3,0.5,4,on,339136,544,173,25593,,0.4900,
E2,flywire,glut-fraction,4,0.5,4,on,339768,430,114,25593,,0.4976,
E2,flywire,glut-fraction,5,0.5,4,on,334350,341,86,25593,,0.4965,
E2,flywire,glut-fraction,1,0.75,4,on,300397,173,17,38389,,0.7452,
E2,flywire,glut-fraction,2,0.75,4,on,300910,146,11,38389,,0.7603,
E2,flywire,glut-fraction,3,0.75,4,on,302500,164,2,38389,,0.7612,
E2,flywire,glut-fraction,4,0.75,4,on,291694,128,5,38389,,0.7462,
E2,flywire,glut-fraction,5,0.75,4,on,304815,180,0,38389,,0.7432,
E2,flywire,glut-fraction,1,0.9,4,on,286439,121,0,46067,,0.9025,
E2,flywire,glut-fraction,2,0.9,4,on,285761,120,0,46067,,0.8942,
E2,flywire,glut-fraction,3,0.9,4,on,295936,140,0,46067,,0.8952,
E2,flywire,glut-fraction,4,0.9,4,on,282922,100,0,46067,,0.8985,
E2,flywire,glut-fraction,5,0.9,4,on,293634,148,0,46067,,0.8957,
E2,malecns,glut-fraction,1,0.1,4,on,340641,90,15,2976,,0.1014,
E2,malecns,glut-fraction,2,0.1,4,on,323556,72,4,2976,,0.1015,
E2,malecns,glut-fraction,3,0.1,4,on,336413,81,5,2976,,0.0973,
E2,malecns,glut-fraction,4,0.1,4,on,335126,76,5,2976,,0.0938,
E2,malecns,glut-fraction,5,0.1,4,on,333697,74,5,2976,,0.1076,
E2,malecns,glut-fraction,1,0.25,4,on,347610,103,18,7441,,0.2503,
E2,malecns,glut-fraction,2,0.25,4,on,344310,97,11,7441,,0.2470,
E2,malecns,glut-fraction,3,0.25,4,on,336009,88,10,7441,,0.2441,
E2,malecns,glut-fraction,4,0.25,4,on,357237,102,12,7441,,0.2432,
E2,malecns,glut-fraction,5,0.25,4,on,348055,110,16,7441,,0.2455,
E2,malecns,glut-fraction,1,0.5,4,on,409101,161,20,14882,,0.4956,
E2,malecns,glut-fraction,2,0.5,4,on,395240,156,30,14882,,0.4913,
E2,malecns,glut-fraction,3,0.5,4,on,401888,138,25,14882,,0.4968,
E2,malecns,glut-fraction,4,0.5,4,on,389435,171,21,14882,,0.5041,
E2,malecns,glut-fraction,5,0.5,4,on,420418,192,38,14882,,0.4966,
E2,malecns,glut-fraction,1,0.75,4,on,671359,2141,2128,22322,,0.7493,
E2,malecns,glut-fraction,2,0.75,4,on,600645,1510,756,22322,,0.7516,
E2,malecns,glut-fraction,3,0.75,4,on,627569,1765,981,22322,,0.7540,
E2,malecns,glut-fraction,4,0.75,4,on,618455,2069,1027,22322,,0.7544,
E2,malecns,glut-fraction,5,0.75,4,on,652519,2105,1104,22322,,0.7431,
E2,malecns,glut-fraction,1,0.9,4,on,1285621,11248,303349,26787,,0.9005,
E2,malecns,glut-fraction,2,0.9,4,on,1311461,12489,301846,26787,,0.9018,
E2,malecns,glut-fraction,3,0.9,4,on,1313370,11377,313755,26787,,0.9019,
E2,malecns,glut-fraction,4,0.9,4,on,1180455,9523,253079,26787,,0.9031,
E2,malecns,glut-fraction,5,0.9,4,on,1158460,10141,221240,26787,,0.8989,
